<?xml version="1.0" encoding="UTF-8"?>
<GenRun Id="impl_1" LaunchPart="xc7a100tlcsg324-2L" LaunchTime="1637391551">
  <File Type="BITSTR-BMM" Name="selector_bd.bmm"/>
  <File Type="OPT-METHODOLOGY-DRC" Name="selector_methodology_drc_opted.rpt"/>
  <File Type="INIT-TIMING" Name="selector_timing_summary_init.rpt"/>
  <File Type="ROUTE-PWR" Name="selector_power_routed.rpt"/>
  <File Type="PA-TCL" Name="selector.tcl"/>
  <File Type="OPT-TIMING" Name="selector_timing_summary_opted.rpt"/>
  <File Type="OPT-DCP" Name="selector_opt.dcp"/>
  <File Type="ROUTE-PWR-SUM" Name="selector_power_summary_routed.pb"/>
  <File Type="REPORTS-TCL" Name="selector_reports.tcl"/>
  <File Type="OPT-DRC" Name="selector_drc_opted.rpt"/>
  <File Type="OPT-HWDEF" Name="selector.hwdef"/>
  <File Type="PWROPT-DCP" Name="selector_pwropt.dcp"/>
  <File Type="PWROPT-DRC" Name="selector_drc_pwropted.rpt"/>
  <File Type="PWROPT-TIMING" Name="selector_timing_summary_pwropted.rpt"/>
  <File Type="PLACE-DCP" Name="selector_placed.dcp"/>
  <File Type="PLACE-IO" Name="selector_io_placed.rpt"/>
  <File Type="PLACE-CLK" Name="selector_clock_utilization_placed.rpt"/>
  <File Type="PLACE-UTIL" Name="selector_utilization_placed.rpt"/>
  <File Type="PLACE-UTIL-PB" Name="selector_utilization_placed.pb"/>
  <File Type="PLACE-CTRL" Name="selector_control_sets_placed.rpt"/>
  <File Type="PLACE-SIMILARITY" Name="selector_incremental_reuse_placed.rpt"/>
  <File Type="PLACE-PRE-SIMILARITY" Name="selector_incremental_reuse_pre_placed.rpt"/>
  <File Type="PLACE-TIMING" Name="selector_timing_summary_placed.rpt"/>
  <File Type="POSTPLACE-PWROPT-DCP" Name="selector_postplace_pwropt.dcp"/>
  <File Type="BG-BIN" Name="selector.bin"/>
  <File Type="POSTPLACE-PWROPT-TIMING" Name="selector_timing_summary_postplace_pwropted.rpt"/>
  <File Type="PHYSOPT-DCP" Name="selector_physopt.dcp"/>
  <File Type="PHYSOPT-DRC" Name="selector_drc_physopted.rpt"/>
  <File Type="BITSTR-MSK" Name="selector.msk"/>
  <File Type="PHYSOPT-TIMING" Name="selector_timing_summary_physopted.rpt"/>
  <File Type="ROUTE-ERROR-DCP" Name="selector_routed_error.dcp"/>
  <File Type="ROUTE-DCP" Name="selector_routed.dcp"/>
  <File Type="ROUTE-BLACKBOX-DCP" Name="selector_routed_bb.dcp"/>
  <File Type="ROUTE-DRC" Name="selector_drc_routed.rpt"/>
  <File Type="ROUTE-DRC-PB" Name="selector_drc_routed.pb"/>
  <File Type="ROUTE-DRC-RPX" Name="selector_drc_routed.rpx"/>
  <File Type="BITSTR-MMI" Name="selector.mmi"/>
  <File Type="ROUTE-METHODOLOGY-DRC" Name="selector_methodology_drc_routed.rpt"/>
  <File Type="ROUTE-METHODOLOGY-DRC-RPX" Name="selector_methodology_drc_routed.rpx"/>
  <File Type="ROUTE-METHODOLOGY-DRC-PB" Name="selector_methodology_drc_routed.pb"/>
  <File Type="ROUTE-PWR-RPX" Name="selector_power_routed.rpx"/>
  <File Type="ROUTE-STATUS" Name="selector_route_status.rpt"/>
  <File Type="ROUTE-STATUS-PB" Name="selector_route_status.pb"/>
  <File Type="ROUTE-TIMINGSUMMARY" Name="selector_timing_summary_routed.rpt"/>
  <File Type="ROUTE-TIMING-PB" Name="selector_timing_summary_routed.pb"/>
  <File Type="ROUTE-TIMING-RPX" Name="selector_timing_summary_routed.rpx"/>
  <File Type="ROUTE-SIMILARITY" Name="selector_incremental_reuse_routed.rpt"/>
  <File Type="ROUTE-CLK" Name="selector_clock_utilization_routed.rpt"/>
  <File Type="ROUTE-BUS-SKEW" Name="selector_bus_skew_routed.rpt"/>
  <File Type="ROUTE-BUS-SKEW-PB" Name="selector_bus_skew_routed.pb"/>
  <File Type="ROUTE-BUS-SKEW-RPX" Name="selector_bus_skew_routed.rpx"/>
  <File Type="POSTROUTE-PHYSOPT-DCP" Name="selector_postroute_physopt.dcp"/>
  <File Type="POSTROUTE-PHYSOPT-BLACKBOX-DCP" Name="selector_postroute_physopt_bb.dcp"/>
  <File Type="POSTROUTE-PHYSOPT-TIMING" Name="selector_timing_summary_postroute_physopted.rpt"/>
  <File Type="POSTROUTE-PHYSOPT-TIMING-PB" Name="selector_timing_summary_postroute_physopted.pb"/>
  <File Type="POSTROUTE-PHYSOPT-TIMING-RPX" Name="selector_timing_summary_postroute_physopted.rpx"/>
  <File Type="POSTROUTE-PHYSOPT-BUS-SKEW" Name="selector_bus_skew_postroute_physopted.rpt"/>
  <File Type="POSTROUTE-PHYSOPT-BUS-SKEW-PB" Name="selector_bus_skew_postroute_physopted.pb"/>
  <File Type="BG-BIT" Name="selector.bit"/>
  <File Type="POSTROUTE-PHYSOPT-BUS-SKEW-RPX" Name="selector_bus_skew_postroute_physopted.rpx"/>
  <File Type="BITSTR-RBT" Name="selector.rbt"/>
  <File Type="BITSTR-NKY" Name="selector.nky"/>
  <File Type="PDI-FILE" Name="selector.pdi"/>
  <File Type="RCFI_FILE" Name="selector.rcfi"/>
  <File Type="CFI_FILE" Name="selector.cfi"/>
  <File Type="RNPI_FILE" Name="selector.rnpi"/>
  <File Type="NPI_FILE" Name="selector.npi"/>
  <File Type="RBD_FILE" Name="selector.rbd"/>
  <File Type="BITSTR-LTX" Name="debug_nets.ltx"/>
  <File Type="BITSTR-LTX" Name="selector.ltx"/>
  <File Type="BITSTR-SYSDEF" Name="selector.sysdef"/>
  <File Type="BG-BGN" Name="selector.bgn"/>
  <File Type="BG-DRC" Name="selector.drc"/>
  <File Type="RDI-RDI" Name="selector.vdi"/>
  <File Type="WBT-USG" Name="usage_statistics_webtalk.html"/>
  <FileSet Name="sources" Type="DesignSrcs" RelSrcDir="$PSRCDIR/sources_1" RelGenDir="$PGENDIR/sources_1">
    <Filter Type="Srcs"/>
    <File Path="$PSRCDIR/sources_1/new/selector.v">
      <FileInfo>
        <Attr Name="UsedIn" Val="synthesis"/>
        <Attr Name="UsedIn" Val="implementation"/>
        <Attr Name="UsedIn" Val="simulation"/>
      </FileInfo>
    </File>
    <Config>
      <Option Name="DesignMode" Val="RTL"/>
      <Option Name="TopModule" Val="selector"/>
      <Option Name="TopAutoSet" Val="TRUE"/>
    </Config>
  </FileSet>
  <FileSet Name="constrs_in" Type="Constrs" RelSrcDir="$PSRCDIR/constrs_1">
    <Filter Type="Constrs"/>
    <File Path="$PSRCDIR/constrs_1/new/selector.xdc">
      <FileInfo>
        <Attr Name="UsedIn" Val="synthesis"/>
        <Attr Name="UsedIn" Val="implementation"/>
      </FileInfo>
    </File>
    <Config>
      <Option Name="TargetConstrsFile" Val="$PSRCDIR/constrs_1/new/selector.xdc"/>
      <Option Name="ConstrsType" Val="XDC"/>
    </Config>
  </FileSet>
  <FileSet Name="utils" Type="Utils" RelSrcDir="$PSRCDIR/utils_1">
    <Filter Type="Utils"/>
    <Config>
      <Option Name="TopAutoSet" Val="TRUE"/>
    </Config>
  </FileSet>
  <Strategy Version="1" Minor="2">
    <StratHandle Name="Vivado Implementation Defaults" Flow="Vivado Implementation 2020">
      <Desc>Default settings for Implementation.</Desc>
    </StratHandle>
    <Step Id="init_design"/>
    <Step Id="opt_design"/>
    <Step Id="power_opt_design"/>
    <Step Id="place_design"/>
    <Step Id="post_place_power_opt_design"/>
    <Step Id="phys_opt_design"/>
    <Step Id="route_design"/>
    <Step Id="post_route_phys_opt_design"/>
    <Step Id="write_bitstream"/>
  </Strategy>
</GenRun>
